Comment_Text,Label,Notes
There is a solid chance he catches Messi this year depending on how things go. One bad game and the other maintaining pace could blow it open,Substantive / Analytical,"The gap between the two players' World Cup goal totals is small enough that the record could change hands during the current 2026 tournament, heavily dictated by single-match variance (one player having a bad game while the other maintains their scoring pace)."
"Klose’s record stood for ages, and now a new generation is breathing right down Messi’s neck for the all-time World Cup scoring crown.",Substantive / Analytical,Employs historical context (the longevity of Klose's record) to frame the historical significance of the current era's scoring pace.
"Wild to think two legends are separated by only two goals now, Mbappé’s World Cup scoring pace is absolutely ridiculous.",Low-Effort / Noise,"Simple hype and emotional awe. While it mentions a data point (""two goals""), it uses it to express amazement rather than to build an actual argument."
"If he doesn’t beat that this World Cup, he surely will next. Messi will only hold that record for 4 years if he maintains it here at 2026",Substantive / Analytical,Calculates the finite lifespan of the record based directly on the quadrennial tournament cycle.
Now can one of them beat Just Fontaine record of 13 goals in a single World Cup,Substantive / Analytical,Shifts the baseline of discussion entirely by introducing an explicit historical benchmark regarding single-tournament peak thresholds.
There is no doubt that Mbappé will be the first in the future.,Low-Effort / Noise,"A flat, repetitive prediction that adds zero unique perspective, evidence, or data to the thread."
We are reaching knockout stages and Christiano Ronaldo is nowhere in the conversations of goals.,Partisan / Emotional,Standard fan-war behavior. Weaponizes a completely unrelated player's lack of presence in the current tournament to score community points.
If being old is an excuse he should have retired after 2018 World Cup.,Partisan / Emotional,"A dismissive and aggressive personal take targeting a player's career timeline, stripped of structural or tactical context."
"Mbappe will overtake Messi, could even happen this tournament",Low-Effort / Noise,A brief echo of the general thread sentiment that fails to advance any new line of reasoning.
"Mbappe at 16 world cup goals and he's still got years left in him, klose's record gone just like that. messi's 18 feels like the last real barrier now and at 
this rate it's not even a question of if, just when. could genuinely end this tournament as the greatest world cup scorer of all time and he's not even 30
 years",Substantive / Analytical,"Synthesizes current raw data (16 goals), target benchmarks (18 goals), and age factors to form a comprehensive timeline projection."
Mbappe is insane in the world cups. The man is made for world stage.,Low-Effort / Noise,Generic sports clichés and praise that do not add any analytical value to the discussion.
"Mbappe scored 16 goals in 16 WC games. Klose scored the same amount in 24 games. One-sided games? Klose scored 3  against Saudi Arabia 
(total 8-0), 2 against Ecuador and Costa-Rica, goals against Ghana, Ireland, Kameroon. All these teams are not eguals to Germany. To be clear I 
respect Klose very much, but your point about extending WC is not valid in this case.",Substantive / Analytical,High-level analysis. Uses a breakdown of historical opponent data and mathematical efficiency (16/16 vs 16/24) to directly falsify another user's claim.
Eventually Mbappe will own the record,Low-Effort / Noise,"A one-sentence, repetitive conclusion offering zero structural backing."
He is the top scorer at Real Madrid. And at La Liga. Not sure where this theory is coming from.,Partisan / Emotional,"A highly defensive, factually distorted claim used aggressively to shut down an opposing argument."
"It's not a record, anymore",Low-Effort / Noise,"A cryptic, single-sentence reaction that fails to establish an actual opinion."
"And like what, 20 years younger than Messi? 😂",Low-Effort / Noise,Text-based noise using hyperbole and an emoji for a quick joke rather than analytical contribution.
"Mark my words, Haaland will beat Mbappes record one day.",Partisan / Emotional,"An ungrounded, highly speculative hot take introducing a completely detached entity (a player whose nation historically struggles to make/compete in the tournament depth) purely to stir the pot."
Agreed. Haaland is a fucking monster,Partisan / Emotional,"A hyperbolic, emotionally driven claim used to hype a player, lacking objective analysis."
I m french - but i reaaally dislike this Guy !!!,Partisan / Emotional,"Purely emotional, subjective statement of dislike with no analytical backing."
Norway isn't a powerhouse like France and may not make deep runs,Substantive / Analytical,Introduces a structural team-level variable (national team strength and tournament depth) to evaluate a player's statistical ceiling.
"Mark my words, Haaland will beat Mbappes record one day.",Partisan / Emotional,"An ungrounded, highly speculative hot take introducing a completely detached entity purely to stir the pot."
Bro it's group stage lol,Low-Effort / Noise,"A brief, dismissive phrase that fails to advance any new line of reasoning."
Mbappe is the best international player,Low-Effort / Noise,"A flat, subjective declaration lacking any supporting evidence or data."
🏃🏾‍♂️ Mbappe 🏃🏽‍♂️ Messi 🏃🏼‍♂️Haaland 🧍‍♂️Ronaldo,Low-Effort / Noise,Purely emoji-based visual ranking offering zero textual analysis or argument.
World cup goat sure,Low-Effort / Noise,A brief echo of general sentiment that fails to establish an actual opinion or structural backing.
"Mbappe will inevitably take this record in time, but closing up on Messi is technically incorrect when Messi has one more goal than him at this
tournament. Messi has technically extended his gap over Mbappe, not the opposite.",Substantive / Analytical,Corrects the literal chronological sequence of live events to validate the accuracy of a specific tournament narrative.
I feel like these guys are just farming some low level teams,Substantive / Analytical,Points to opponent quality and strength of schedule as a variable in goal accumulation.
Only Messi is allowed to score goals for Argentina.,Partisan / Emotional,"A hyperbolic, emotionally driven claim regarding team dynamics without factual basis."
Messi is like Jesus of soccer. ⚽️,Partisan / Emotional,"Extreme hyperbole and religious comparison used for ultimate player praise, lacking any objective analysis."
"Messi keeps adding chapters to a career that already felt complete years ago. He isn't the same explosive player from his younger 
days, but his football brain is still unmatched. His control of space, timing, and decision making can still decide games at this level.",Substantive / Analytical,"Analyzes the evolution of a player's physical and tactical traits over time, focusing on spatial awareness and decision-making."
"Messi's brace continues to break records at a World Cup, making him timeless. Proving age is just a number.",Low-Effort / Noise,Relies on generic sports clichés rather than deep analysis.
The Austrian team looked lost once Alaba was subbed out. It makes you appreciate the vision of key players.,Substantive / Analytical,Identifies a specific tactical event (a substitution) and its structural impact on team performance.
Loved seeing Messi turn the ball over and the announcers say “great touch”,Partisan / Emotional,"A sarcastic critique of media bias and commentary, driven by emotional frustration rather than objective game analysis."
How come sometimes the foul is reviewed by the on-field referee using VAR monitor. But sometimes is reviewed only by remote referee?,Substantive / Analytical,Asks a legitimate structural question about the implementation of VAR rules.
Looks like it's going to be a shootout between Messi and Mbappe,Low-Effort / Noise,A generic prediction echoing the main narrative without deeper analysis.
"First goal was a clear foul, and Martinez should have been sent off with two yellow cards in the first half, instead he got none. Other than that, a 
deserved victory. Austria just too harmless.",Substantive / Analytical,Offers specific tactical and refereeing critique regarding match events.
"I really enjoy watching Norway play. Great teamwork, like watching a group of old friends playing and happy for one another.",Partisan / Emotional,Expresses subjective emotional enjoyment of a team's aesthetic without analytical depth.
"I have a feeling any day now someone is going to do a segment on some talk show where he and Tim Howard play foosball against each other. 
Can you bet that on Kalshi? I never used it.",Low-Effort / Noise,"Tangential, non-analytical comment about talk shows and betting platforms."
"Super frustrating from an Ecuador POV. Their attack was Turkiye-esque. Most of these shots were right at the GK and easy to stop. 
Room's performance sounds more impressive in the after match press than it looked live. He did well, no doubt, but the bigger 
story is Ecuador continues to be toothless up front. Which is too bad, bc it’s otherwise a strong team.",Substantive / Analytical,Detailed tactical critique of a team's attacking inefficiency and goalkeeper performance.
"Germany has to win against Ecuador and Curacao against Ivory Coast, then they advance for sure. There are some third placed teams that will advance
 but I dont know the rule.",Substantive / Analytical,Outlines structural tournament advancement scenarios based on match outcomes.
15 saves and no goals. Incredible work,Substantive / Analytical,Uses a specific statistical metric (15 saves) to evaluate player performance.
There is a worst team at this World Cup. And it‘s not Curacao. That alone is a huge achievement already.,Low-Effort / Noise,"A broad, somewhat sarcastic statement lacking specific analytical backing."
"My daughter was on the jumbotron during this match. It was after Algeria's second goal (Gouiri '82). Would anyone know how I could get a video of it? 
Or a picture? I would be forever grateful.",Low-Effort / Noise,"A personal, off-topic request entirely unrelated to football analysis."
"So based on these results, what's the scenarios for each team leading up to game 3 of pool play?",Substantive / Analytical,Asks a legitimate structural question about tournament advancement scenarios.
PERFECT! Got every single score of all 4 games perfect today to put me back in first of my predictions group. Thank you Algeria!,Low-Effort / Noise,"Personal anecdote about predictions, lacking analytical depth about the actual games."
"Algeria needed that badly. Going down to Jordan would've made the whole group feel cooked, but Benbouali and Gouiri bailed them out late.",Substantive / Analytical,Evaluates the structural impact of a match result on the group dynamics and identifies key players.
that benbouali header was class.,Low-Effort / Noise,Generic praise for a specific play without deeper tactical analysis.
Watched the Argentina game => Algeria lost. Didn't watch the Jordan game => Algeria won. Maybe I should skip the Austria game 🤔,Low-Effort / Noise,"Superstitious, non-analytical comment about personal viewing habits."
Rock Chalk Algeria!,Low-Effort / Noise,Purely emotional cheer/slogan offering no analysis.
Lets go Algeria 🇩🇿,Low-Effort / Noise,"Purely emotional cheer with an emoji, lacking analysis."
"One, two, three, viva l'Algérie!",Low-Effort / Noise,Traditional fan chant offering no analytical value.
Argentina guaranteed to top the group now.,Substantive / Analytical,States a factual tournament advancement outcome based on results.
I want Messi to rest. But f it. I think he should score quadruple so that mbappe will have buffer.,Partisan / Emotional,"Emotionally driven desire for a player to score heavily, disregarding tactical context like resting."
The worst part as a Jordanian is I was genuinely looking forward to us playing against a serious Messi but now 😭,Partisan / Emotional,Expresses personal disappointment and emotional reaction to tournament scenarios.
Jordan playing a low block after scoring only one goal pretty much doomed them to a loss.,Substantive / Analytical,Detailed tactical critique of a team's defensive strategy after taking the lead.
I fucking knew that I would regret going to bed at halftime. Peacock lost connection right as they blew the whistle and I took it as a sign to call it a night but I had a feeling the game would get better when I stopped watching.,Low-Effort / Noise,"Personal anecdote about viewing experience and technical issues, lacking game analysis."
"Jordan looked so dead the 2nd half, was inevitable.",Substantive / Analytical,Evaluates a team's physical or mental state and its impact on the match outcome.
33 shots vs 2 shots is ridiculous. Qatar doesn't belong in the World Cup. Italy gets left out but Qatar gets in??? Embarrassing.,Partisan / Emotional,Uses a statistical metric but primarily to express emotional outrage and subjective judgment about a team's belonging.
"Qatar, and 15 other teams, didn't genuinely qualify to this World Cup yet. The matches you are watching now can be considered either an extension of the qualifiers round or a pre-tournament friendlies.",Substantive / Analytical,Provides structural context regarding the qualification process and tournament format.
Money.,Low-Effort / Noise,A single-word cynical response lacking any structural backing or detailed argument.
they hosted 2022.,Low-Effort / Noise,A brief factual statement that fails to advance a detailed analytical argument.
Thats a win for all of us then.,Low-Effort / Noise,A brief echo of general sentiment lacking specific analysis.
Well normally they'd probably try and chop your hands off no?,Partisan / Emotional,"An ungrounded, highly speculative and offensive cultural stereotype used aggressively."
"Yeah, once Canada got to 4-0, if they held that margin, more goals did nothing for the standings. At 4-0, they passed Switzerland. If they won 1-0, they'd need to beat the Swiss for top of the group. Now they just need a draw.",Substantive / Analytical,Calculates specific conditional probabilities and tournament advancement scenarios based on goal differential.
Pretty sure goals for / differential is used to break a group tie?,Substantive / Analytical,Asks/states a legitimate structural question about tournament tie-breaking rules.
"Why do we allow countries in the world cup that are far below the skill level of some other countries that didn't qualify. How does Qatar even qualify? There are many stronger teams than Qatar that didn't qualify, what a waste of a spot.",Partisan / Emotional,Expresses subjective emotional frustration regarding tournament qualification rules without providing objective analysis.
"it was like a hockey game. 6 goals by one team, a hat trick, and a brawl.",Low-Effort / Noise,A brief comparison using hyperbole to describe match events without deeper tactical analysis.
Which team was the Toronto Maple Leafs?,Low-Effort / Noise,"A sarcastic, off-topic joke unrelated to football analysis."
How we do.,Low-Effort / Noise,"A brief, colloquial phrase offering no analytical value."
"I have no interest at all in soccer, but I've heard that games are low score, so this probably was an interesting game? Lol.",Low-Effort / Noise,"Tangential, non-analytical comment from someone admittedly disconnected from the sport."
"Canadians annihilated Qatari's, these statistics are not normal.",Substantive / Analytical,Uses statistical anomalies to evaluate the one-sided nature of a match.
This would be the rough equivalent of an NHL hockey game score being like 15 to 0.,Low-Effort / Noise,Uses a cross-sport comparison to express amazement rather than building an actual argument.
You gotta be really crap or really mess up to concede that many goals. Luckily for Canada Qatar had both.,Partisan / Emotional,"A dismissive and aggressive personal take targeting a team's performance, stripped of structural context."
Yeah definitely.,Low-Effort / Noise,A brief echo of general sentiment that fails to establish an actual opinion.
The one match I missed and all this drama.,Low-Effort / Noise,Personal anecdote about viewing experience lacking game analysis.
It was a pretty wild game. That leg break was so loud you could hear it on the mics from a hundred feet away.,Low-Effort / Noise,"Focuses on the visceral, emotional shock of an injury rather than tactical or structural analysis."
I mean good for Canada but Qatar it's probably the worst team on the cup lol.. they even manage to lose the first game in Qatar World Cup!! Which never happen before haha.,Partisan / Emotional,"A mocking, subjective statement using historical trivia to ridicule a team."
"qatar had 2 reds, one of which was because they broke Kone's leg. canada deserved this.",Substantive / Analytical,"Analyzes specific match events (red cards, injuries) to justify the match outcome."
Maybe if Qatar stopped getting themselves.,Low-Effort / Noise,"An incomplete, cryptic reaction that fails to establish an actual opinion."
"I think even if Canada loses at this point, they'll still be a group favorite for their resilience and love of the game. Even when they faced Bosnia, the match was great from both sides.",Partisan / Emotional,Expresses subjective emotional praise for a team's aesthetic and resilience without analytical depth.
Don't need to win the championship to feel like you've won. The 2022 world cup was Canada's first time qualifying in decades. They scored their first world cup goal. Lost every game and didnt make it out of the first round but no one felt like losers.,Substantive / Analytical,Employs historical context to frame the emotional and structural significance of a team's current performance.
"We know we're gonna get out asses kicked, we just didn't expect to get a crazy solid win. In the qualifiers a few years back we won because of cold weather. Footballs been picking up in North America, but compared to the rest of the world, we're nobodies.",Substantive / Analytical,"Introduces structural variables (weather in qualifiers, regional development) to evaluate a team's historical and current standing."
"Not even a week done, and we can already see new, inexperienced or mid-level teams giving good competition to big teams, giving their country a reason to come together and celebrate. It is great for the sport and I am sure everyone is loving it!",Substantive / Analytical,Observes the competitive balance of the tournament and its broader impact on the sport's global appeal.
"32 is the sweet spot, 48 is absurd and money driven only, nothing more to it.",Substantive / Analytical,Critiques the tournament format expansion by attributing it to financial motives rather than sporting merit.
"Designed to avoid the big nations bombing out. Hard to see how any of them don't make it. Sure, there'll be surprises but this just kicks the odds in their favour a bit more.",Substantive / Analytical,Analyzes the structural design of the tournament format and its statistical bias towards larger nations.
"32 was fine. I don't like this 48 format. So many games to only get to 32. And those extra teams might hold a favorite team to a draw, but they won't be able to actively compete. I want to see the best teams play great quality matches, not some minnow defend a draw with 11 men in the own goal area.",Substantive / Analytical,Provides a detailed critique of the tournament format's impact on match quality and tactical approaches.
Here here.,Low-Effort / Noise,A brief expression of agreement offering no analytical value.
I still think 48 is too many. Qualification from this stage is a mess. Extra games make it harder to stay on top of. Some teams clearly just aren't up to it. The extra week on the tournament length is annoying. The Panini sticker book is now more expensive to complete. It's not the most egregoous problem with this WC but it's another factor. 32 teams was fine.,Substantive / Analytical,Evaluates multiple structural and logistical impacts of the expanded tournament format.
"Too many bad teams in the tournament. If you're going to keep this expanded format then let more good teams in, like Italy.",Partisan / Emotional,A subjective complaint about team quality driven by personal preference for a specific nation.
"""Let then in""? Are you against qualifying? Would you rather invite the top 32/48 teams?",Substantive / Analytical,Challenges another user's logic by questioning the structural principles of tournament qualification.
Italy is such a great team that they chose not to attend the last three world cups die to the terrible human rights records of the host countries.,Partisan / Emotional,"A sarcastic, factually distorted claim used aggressively to defend a specific team."
Maybe they should qualify like every other team.,Substantive / Analytical,Reiterates the objective necessity of the qualification process.
"They've already made it 8 games to get the trophy instead of 7 -- that's the biggest change. I think if you're accepting teams playing 8 games, this would be an opportunity to go to 40 teams in 8 pools of 5 -- top 2 to into round of 16.",Substantive / Analytical,Proposes an alternative structural format with specific mathematical adjustments to group sizes and advancement rules.
"Even at 48 teams you could do 8 groups of 6 with the top two going through. It would mean 5 weeks of group play though, which might switch a few people off after they have no hope passed the first 2 or 3 games. Would give the lower tier nations some good exposure to the better teams though.",Substantive / Analytical,Explores the logistical and viewer-engagement trade-offs of a specific alternative tournament structure.
"48 is too many for me, the Qatar v Canada game was deplorable. Maybe 35 teams?",Substantive / Analytical,"Uses a specific match example to critique the tournament size, though the proposed alternative is structurally flawed."
A 35 team tournament...are you serious right now?,Low-Effort / Noise,"A brief, dismissive reaction that fails to advance the structural debate."
Qatar tied Switzerland in their first game. Just because it was a blowout doesn't mean they aren't competitive.,Substantive / Analytical,Uses specific historical match results to counter a narrative about a team's lack of competitiveness.
"I think the quality of games this WC has been really good. Fast paced football. Positive play. Minimal stoppages or time wasting - hydration adverts aside. The issue though is still that you can lose your first two, win the last and still stroll through to the next round.",Substantive / Analytical,Contrasts positive tactical observations with a critique of the tournament's forgiving advancement structure.
"The only good thing about the 48 team from a neutrals perspective is that we get 16 more knockout games. Which is great. But is that worth diluting the “danger” / meaningfulness of the first 18 days of the tournament? I don't think so. The old format was perfect, when qualifying for the tournament was an achievement, every group game seemed vital, and for many teams getting out the group was a brilliant achievement.",Substantive / Analytical,Weighs the structural trade-offs between increased knockout matches and diluted group-stage stakes.
The third group game often was meaningless before the expansion. I much prefer this format.,Substantive / Analytical,Counters a structural argument by pointing out historical flaws in the previous format.
So many teams there only as alsorans.,Low-Effort / Noise,"A brief, dismissive phrase lacking specific analytical backing."
"No, not everyone loves it. The imperative is that the number of teams qualifying from the groups divides into 2 all the way to the final. 48 teams necessitates the ridiculous situation where 2/3 third place teams qualify. That creates an unfairness going into the knockout stage, where you see 1st v 3rd, 2nd v 2nd, or 1st v 2nd. In a 32 team tournament the advantage came in finishing first in the group where you would play a second placed team. That is across the whole R16.",Substantive / Analytical,Provides a detailed mathematical and structural breakdown of how the format creates competitive imbalances in the knockout bracket.
"I think this must had been one of the best defensive works ever performed in a WC game no? only 1 foul (against 10 of Spain), and Spain even if they had like 26 shots on goal, in reality only 1-2 were 'that is 99% a goal' type scenarios, in the rest Spain was just really predictable and defenders/gk interventions were massive, not even Lamine doing some magic shots could save them.",Substantive / Analytical,"Uses specific statistical comparisons (fouls, shots) and tactical observations (predictability) to evaluate defensive performance."
"Great display from them,got so worried when yamal came on though.",Low-Effort / Noise,A brief emotional reaction and generic praise without deeper tactical analysis.
"Resilience hits hard man.. Indeed, they were hard as rock in defense",Low-Effort / Noise,Generic praise using clichés to describe defense.
"""NO SHOTS MADE AGAINST ME WILL PROSPER"" - the CV goalie.",Low-Effort / Noise,"A humorous, hyperbolic quote used to hype a player's performance."
Lol. That's the comment.,Low-Effort / Noise,"A brief, dismissive phrase offering no analytical value."
I don't think this was just Spain being bad. Cape Verde deserve a lot of credit here. Staying that disciplined for 90 minutes against Spain is much harder than it looks.,Substantive / Analytical,Evaluates the tactical discipline required to maintain a defensive block against a superior opponent.
Should have started LY.,Low-Effort / Noise,A brief tactical opinion lacking elaboration or structural backing.
"Grande jogo de Cabo Verde, contudo acho que o resultado se deve pela pouca inspiração dos espanhóis no dia de hoje. Espanha continua entre as favoritas, na minha opinião.",Substantive / Analytical,Provides a nuanced perspective evaluating the balance between one team's tactical execution and the other's lack of inspiration.
So many Gavi haters today. 99% are Saka or Arsenal fans 😂,Partisan / Emotional,Employs fan-war behavior to dismiss criticism by attributing it to rival fanbases.
If it were really just that as you say he would've changed his system by the half time. When you underestimate your opponent but see that he's actually better than what you thought you actually change your system when you get the chance. He didn't.,Substantive / Analytical,Provides a detailed tactical critique of managerial decision-making and the failure to make in-game system adjustments.
"Wow so many haters, we will see.",Partisan / Emotional,"A brief, defensive reaction to perceived criticism without addressing the actual arguments."
"Only day 5 of the World Cup, let's keep them rolling.",Low-Effort / Noise,A generic expression of excitement for the tournament offering no analysis.
Spain has always been a small team.,Partisan / Emotional,"A hyperbolic, emotionally driven claim aimed at diminishing a team's historical stature."
"Ugh I hate when that happens, I bet the match thread is actually interesting though!",Low-Effort / Noise,"Tangential, off-topic comment about match threads rather than the game itself."
Own goal is hilarious lol.,Low-Effort / Noise,A brief reaction to a match event lacking analytical depth.
CPV Goal Keeper difinitely have used haki.,Low-Effort / Noise,A pop-culture reference used as a joke to praise a player.
Does 11 have an inner ear problem? Guy can't seem to stand up straight.,Partisan / Emotional,"A sarcastic, personal mockery of a player's physical performance driven by emotional frustration."
I told my bro Spain tied to Cape Verde. His reaction was “who?” Yeah well done to Cape Verde.,Low-Effort / Noise,A personal anecdote highlighting the surprising nature of the result without tactical analysis.
Hon Pico. Absolutely belted out the anthem and then flung himself about like prime Paul McGrath. What a man!,Low-Effort / Noise,"Focuses on the visceral, emotional energy of a player rather than tactical execution."
Masterful strategy and game management from Cap Verde. Manager deserves honours.,Substantive / Analytical,Evaluates the structural impact of managerial strategy and game management on the match outcome.
"Save for the last 30 seconds of the second half they didn't even have control of the ball, worse I don't even think the ball crossed midfield at all. That goalie of theirs played phenomenally though.",Substantive / Analytical,Uses specific match flow observations to contextualize a team's defensive and goalkeeping performance.
I think he was joking I know you cant comprehend a joke but its all good lmao.,Partisan / Emotional,"An aggressive, interpersonal attack on another user's comprehension."
The funny part is how an American would sincerely say they won 0-0. I can't see any other joke.,Partisan / Emotional,Employs cultural mockery and fan-war behavior to dismiss another perspective.
Sammy is so angry he lost his reading comprehension.,Partisan / Emotional,A direct personal attack on another user in the thread.
What would I be angry about?,Low-Effort / Noise,Brief interpersonal chatter offering no analytical value.
Draws contribute points. Those points determine who moves on. Cape Verde is clearly headed to the finals and taking it all.,Partisan / Emotional,Combines a factual tournament rule with extreme hyperbole to create a sarcastic prediction.
croatia vs cape verde in the finals lets goooo.,Low-Effort / Noise,Purely emotional hype and prediction lacking objective analysis.
"Congrats to Cape Verde, they played an amazing defensive game against Spain and the goalie had one of the most impressive showings I've seen in a while.",Substantive / Analytical,Evaluates specific positional performance and overall defensive execution.
"They also had a really good scoring chance right near the end. There's a universe in which they steal a win, 1-0. Absolutely incredible from a team that's never played in the WC before.",Substantive / Analytical,Contextualizes specific late-game tactical events with the historical significance of the team's tournament debut.
He did!! Very proud of our GK 🇨🇻🦈,Low-Effort / Noise,Purely emotional expression of national pride and support using emojis.
Another video I would upvote is the goals + commentary from the opponent nation to hear the disappointment.,Low-Effort / Noise,"Focuses on the visceral, emotional reaction of the opposing commentary rather than tactical analysis."
Next idea is a cut with goal commentary from the opposing nation.,Low-Effort / Noise,"A brief suggestion for content, offering no analytical value."
Keep it going OP!,Low-Effort / Noise,A brief expression of encouragement offering no analytical value.
"I've always wondered why Allah is THE go to exclamation in the Arabic goal commentaries I've seen. I would equate it to an English commentator yelling 'oh my god!' over and over again, but I would also find it strange for that to happen.",Low-Effort / Noise,"Tangential, non-analytical comment about commentary language rather than the game itself."
Yeah Arabic and Latino Spanish/Portugese commentary means it's over. Nothing else competes hah.,Low-Effort / Noise,A subjective preference for commentary styles lacking tactical analysis.
Nothing beats arab commentary!! Maybe Mexicans come close.,Low-Effort / Noise,A subjective preference for commentary styles lacking tactical analysis.
That first Korean goal was so nasty.,Low-Effort / Noise,Generic praise for a specific play without deeper tactical analysis.
They are just screaming hahha how is the sound guy handling it.,Low-Effort / Noise,"Tangential, non-analytical comment about the broadcast production."
"As a Mexican of Asian roots, this has been a ln amazing opening day. So proud of my Mexican and S Korean bros. 🇲🇽🤝🇰🇷",Low-Effort / Noise,Purely emotional expression of national pride and support using emojis.
For the longest time r/COYS was posting Spurs goals with Korean commentary and it was perfect.,Low-Effort / Noise,"Personal anecdote about a different subreddit and commentary, lacking game analysis."
Gave me chills at the end.,Low-Effort / Noise,"Focuses on the visceral, emotional reaction to a moment rather than tactical execution."
The Korean Ray Hudson.,Low-Effort / Noise,"A brief comparison to another commentator, offering no analytical value."
"Now the world sees what we've been dealing with. It's a shame, a lot of cities really put so much work into this and pedo don had to ruin it.",Partisan / Emotional,Highly emotional political rant that introduces partisan name-calling without addressing the structural elements of the tournament.
The fact that they denied a Somali referee entry into the US right before the tournament says everything. Football is supposed to be above politics but somehow the US always finds a way to make everything about itself. Most political World Cup in history before a single ball is kicked.,Partisan / Emotional,"Uses the visa denial to make broad, emotionally driven generalizations about a country's political nature."
He didn't deserve to be banned! JUSTICE 4 OMAR!,Partisan / Emotional,"Purely emotional slogan demanding justice, lacking any structural or logistical analysis."
"If FIFA had bottle, they'd at least get him to referee games in Canada and Mexico.",Substantive / Analytical,"Proposes a structural, logistical workaround for the referee situation involving other host nations."
You know very well FIFA wont lift a finger here. They don't want to upset the Orange Avenger.,Partisan / Emotional,Relies on political name-calling and cynical predictions rather than analyzing FIFA's actual structural constraints.
Update: Canada invited him to ref there!,Substantive / Analytical,Provides a factual update regarding a host nation's response to the logistical issue.
His situation has been getting attention on the media because of who he is.,Substantive / Analytical,Analyzes the media narrative and attributes the attention to the individual's specific background.
I did more digging on this. Artan applied to immigrate to the US in 2021 under Biden. He was denied entry under Biden. He posted that he was mad at Biden. Then the Somali govt was having trouble securing his visa for FIFA. They decided to give him a diplomatic passport to get around the visa. He was already flagged in the system before and he's not going to the US as a diplomat so he got denied entry.,Substantive / Analytical,"Provides detailed background research, outlining the bureaucratic and diplomatic history that led to the visa denial."
Yeah stupid that he can't referee here in Canada. We don't hate every other country in the world like our southern neighbours.,Partisan / Emotional,"An emotional generalization and insult directed at another country, framed as nationalistic superiority."
"Referees are based out of Miami . Meetings, training etc.",Substantive / Analytical,Provides factual structural information about referee logistics and base locations.
He's going to miss training camp that's in the US.,Substantive / Analytical,"States a factual, logistical consequence of the visa denial regarding mandatory training."
"They are genuinely running off hate and bigotry, it's deeply concerning. Just a whole lot of miserable, ugly, pathetic people who want to drag the rest of us down to their levels.",Partisan / Emotional,"A purely emotional, aggressive attack relying on insults and broad generalizations."
"You have no business being a person of color and successful, it's just naturally hated in the us, so they'll stop it any chance they get.",Partisan / Emotional,"A broad, emotionally driven socio-political generalization lacking specific structural analysis."
The US had their chance. Never give a world cup to the US again. There are countries with much richer football culture that deserve it more.,Partisan / Emotional,Subjective frustration and gatekeeping based on an emotional view of football culture.
"The inherent superiority complex of the people in this country is insane. Our greatest achievement is being a Mecca for capitalism, which somehow makes people believe that they are better than everyone else at everything.",Partisan / Emotional,An emotional socio-economic critique detached from football analysis or tournament logistics.
Oh yeah? What makes him a risk?,Substantive / Analytical,Asks a legitimate structural question about the security reasoning behind the ban.
Ask US Customs.,Low-Effort / Noise,"A brief, dismissive response that fails to provide any actual information."
Apparently Artan missed the mandatory referee's briefing due to this (which was also held in the US). I don't think FIFA will try to rectify this by moving refs around and giving him the Zoom version of that briefing. They'll just fly in some white guy instead.,Substantive / Analytical,Combines factual logistical consequences (missed briefing) with a reasoned prediction about FIFA's likely actions.
"They're doing it out of spite. That's what people keep missing about Trumpers. They let in the whole Somali team; and while they're being obstructive about it, are also letting in the Iranian team, because they knew that denying a team entry is something that even their own wackos wouldn't support. Denying the ref is easy though, because the only people who would really care are those that have a moral objection.",Substantive / Analytical,Offers a detailed political analysis comparing different visa scenarios (teams vs. referee) to deduce underlying motives.
"He got a visa with also help of the Somali embassy in Nairobi, he was refused entry. You can have a visa but any CBP officer can still refuse you just because they want without right of review or any consequence whatsoever.",Substantive / Analytical,"Provides structural details about the visa process, embassy involvement, and the authority of border control officers."
Courageous statement by FIFA /s.,Low-Effort / Noise,"A brief, sarcastic comment that adds no analytical depth to the discussion."
"Not really. Referees are not coming as tourists, they are in the host countries with working visas which have a much more complicated application process and can't be changed to other locations last minute due to tax implications.",Substantive / Analytical,"Provides detailed structural and logistical context regarding working visas, application processes, and tax implications."
"If i was a ref and got denied visa for the world cup, i would be crying.",Low-Effort / Noise,Focuses purely on a hypothetical personal emotional reaction rather than structural analysis.
"He also gets to referee the UEFA Super Cup. Maybe not in the eye of the public, but from a pure refereeing perspective that's at least the same size of stage than a WC group match.",Substantive / Analytical,Contextualizes the referee's career achievements by comparing the magnitude and prestige of different tournaments.
"You go through all the selection, prep, and travel for a World Cup, then get stopped at the border and sent back after hours of questioning, no match involvement, no chance to do the job. At that point the fee doesn't really fix it.",Substantive / Analytical,Analyzes the comprehensive professional and personal toll of the situation beyond just financial compensation.
"so few people who are professional referees get to say they ref'ed FIFA, and someone of his caliber likely was going to ref the knockout stages and the higher stake games.",Substantive / Analytical,Evaluates the professional rarity of the opportunity and the referee's projected tournament trajectory.
"This is an absolute bare minimum, but surely there's a significantly easier solution, just swap his games for games in Canada or Mexico and have that/those refs cover his games?",Substantive / Analytical,"Proposes a logical, logistical workaround involving match swapping between host nations."
"All refs have to stay at a training base in Miami, FL. If he can't get into the US, he can't stay at the training base. That's why he can't officiate in Canada or Mexico.",Substantive / Analytical,Provides factual logistical constraints (mandatory training base location) that directly invalidate a proposed workaround.
"I don't see how this favors USMNT at all. Was he even scheduled to ref USMNT games? This is just a racist bureaucratic/political decision, not a strategic or tactical sports decision.",Substantive / Analytical,Separates sporting advantage from political bureaucracy to evaluate the underlying motives behind the decision.
"Hahaha Ceferin is such a shithouse lmao, great way to say fuck you FIFA.",Low-Effort / Noise,"A vulgar, brief reaction lacking structural analysis or constructive input."
Aww🥹 ,Low-Effort / Noise,"Purely emotional reaction with an emoji, offering no analytical value."
The king of football,Partisan / Emotional,Hyperbolic player worship framing the athlete as 'the king'.
"Messi is natural talent and magic. He is perfectly balanced, almost balletic. My favorite",Partisan / Emotional,Expresses subjective emotional admiration and praise using artistic metaphors.
"He's a treasure. What he does with his feet, the way he moves, it all seems impossible but you're seeing it with your own eyes. 
I've loved watching him in this world cup. It's especially lovely to be able to pause and replay in real time. I mean, it's mystifying. And beautiful.",Partisan / Emotional,Focuses strictly on the emotional and aesthetic appreciation of the player rather than objective analysis.
"Part of it, I think, is how he plays with such joy. It's just gorgeous. Messi truly is the GOAT.",Partisan / Emotional,Relies on subjective aesthetic praise and hyperbolic declarations rather than factual analysis.
I am sobbing uncontrollable tears right now. Messi is a god and his family deserves all the love in the world.,Partisan / Emotional,"Driven entirely by extreme emotional reaction and player idolization (""god,"" ""sobbing uncontrollable tears"")."
"This is the most beautiful thing I have ever seen in football. Nobody else could unite a country like Leo, no one!",Partisan / Emotional,"Relies on sweeping, unquantifiable emotional claims (""unite a country"") rather than factual analysis."
Goosebumps. Absolute goosebumps. My heart can't take this level of pure joy. Vamos Argentina!,Partisan / Emotional,"Pure emotional expression (""goosebumps,"" ""pure joy"") anchored in nationalistic bias (""Vamos Argentina"")."
Ronaldo fans could never understand this kind of authentic love. This is why Messi is the undisputed GOAT!,Partisan / Emotional,"Weaponizes a wholesome moment to launch a biased, unprovoked fan-war attack against a rival player."
"If you don't tear up watching this, you don't understand football. This man carried our nation on his back.",Partisan / Emotional,"Uses aggressive emotional gatekeeping (""you don't understand football"") to defend the player's legacy."
"I'm literally shaking watching this. The passion in Argentina is unmatched, we would die for this man.",Partisan / Emotional,"Displays extreme parasocial attachment and fan devotion (""would die for this man"") rather than sports commentary."
This is why football is more than a game. Seeing them sing to her makes my heart burst with pride.,Partisan / Emotional,Focuses strictly on the emotional and spiritual atmosphere of the fanbase rather than the sport itself.
God bless that woman for giving us the greatest human being to ever touch a football.,Partisan / Emotional,Hyperbolic player worship framing the athlete as 'the greatest human being'.
Anyone who hates Messi is just dead inside. Look at what he means to these people! Pure magic.,Partisan / Emotional,"Tribalistic fandom that attacks critics (""dead inside"") based purely on emotional resonance."
"This video is the exact definition of football heritage. The purest, most beautiful moment of the tournament.",Partisan / Emotional,Defines 'football heritage' entirely through a lens of emotional fan culture rather than objective history.
"I will never stop loving this team. They fought for Messi, they bled for him, and now the whole country is repaying him!",Partisan / Emotional,Nationalistic fervor blending the team's on-pitch effort with intense emotional fan loyalty.
"Penaldo could score 1000 goals and he'd still never get this kind of organic, real respect from his people.",Partisan / Emotional,"Classic fan-war toxicity, using the emotional moment specifically to belittle a rival player (""Penaldo"")."
"My heart is so full. Argentina is a family, and Messi is our king. Thank you Grandma Celia!",Partisan / Emotional,"Expresses deep familial and national attachment, elevating the player to royalty (""our king"")."
I've been crying for two days straight. The joy this man has brought to millions is completely immeasurable.,Partisan / Emotional,"A pure reaction post centered entirely on the commenter's personal emotional state (""crying for two days"")."
This is spiritual. Football is a religion in Argentina and Messi is our savior. Period.,Partisan / Emotional,"Uses heavy religious/spiritual metaphors (""religion,"" ""savior"") to express extreme bias and devotion."
Imagine witnessing this and still trying to argue that Messi isn't the greatest. You'd have to be delusional.,Partisan / Emotional,"Frames subjective emotional admiration as an indisputable fact, calling dissenters ""delusional""."
The love radiating from this video is overwhelming. I would give my life to be in that crowd right now.,Partisan / Emotional,"Showcases extreme fan dedication and hyperbole (""give my life to be in that crowd"")."
She must be looking down from heaven smiling so hard. Her grandson conquered the world!,Partisan / Emotional,Projects deep emotional sentiment onto the player's deceased relative; lacks any football-related substance.
"Such pure, unadulterated happiness. No other fanbase in the world has this level of soul and passion.",Partisan / Emotional,"Demonstrates blatant nationalistic superiority (""No other fanbase in the world has this level of soul"")."
"This literally broke me. The beautiful game at its absolute peak. Te amo Messi, te amo Argentina!",Partisan / Emotional,"A highly emotional, low-substance reaction relying on intense declarations of national love (""Te amo"")."
The high press from the midfield... disrupted transition play.,Substantive / Analytical,Tactical analysis of team pressing dynamics.
"If you look at the heat maps, their fullbacks are essentially playing as inverted wingers.",Substantive / Analytical,Analytical observation using statistical/tactical terminology.
"Their xG was low, but that’s largely due to the low-percentage shots...",Substantive / Analytical,Expert usage of expected goals (xG) metrics for performance evaluation.
"Tactically, switching to a 3-5-2 allowed them to overload the center of the pitch...",Substantive / Analytical,Formation-based tactical explanation.
"The defensive structure held, but they struggled to find the creative spark...",Substantive / Analytical,Balanced analytical critique of team performance.
"Historically, teams from this confederation struggle with the humidity...",Substantive / Analytical,Historical/environmental context impacting match performance.
The substitution in the 60th minute was clearly designed to shore up the defensive midfield.,Substantive / Analytical,Tactical substitution analysis.
"He’s providing excellent width, but his crossing accuracy has been abysmal today.",Substantive / Analytical,Player performance evaluation based on tactical output.
This formation is purely reactive; they are banking on the counter-attack exclusively.,Substantive / Analytical,Strategic evaluation of team philosophy.
The data shows that their win rate drops by 20% when the captain is absent.,Substantive / Analytical,Data-driven correlation between personnel and outcomes.
"Positionally, the pivot is dropping too deep, leaving the center-backs exposed.",Substantive / Analytical,Positional analysis identifying defensive vulnerabilities.
"They are utilizing a low block, which is a gamble against a team with such technical quality.",Substantive / Analytical,Strategic assessment of defensive setup against specific opposition.
The transition from defense to attack is where they are losing the most ball possession.,Substantive / Analytical,Identifying specific phases of play where tactical breakdowns occur.
"Analyzing the player movement, the winger is constantly pulling the defender out of position.",Substantive / Analytical,Breakdown of off-the-ball movement and tactical intent.
They need to rotate the ball faster to break down this compact defensive line.,Substantive / Analytical,Tactical recommendation based on pitch coverage.
"Statistically, this is the most efficient attacking unit in the tournament so far.",Substantive / Analytical,Statistical evaluation of attacking output.
The decision to play a false nine is a bold tactical choice for this matchup.,Substantive / Analytical,Strategic tactical framing of team selection.
"They’ve conceded the most goals from set-pieces, and it’s a glaring weakness.",Substantive / Analytical,Trend analysis regarding set-piece defensive vulnerabilities.
"Their build-up play is very deliberate, favoring slow progression over direct balls.",Substantive / Analytical,Evaluation of build-up philosophy and rhythm.
The midfield trio is balanced perfectly between defensive cover and creative outlet.,Substantive / Analytical,Qualitative breakdown of midfield function.
"He isn't tracking back, which is leaving the fullback isolated against two attackers.",Substantive / Analytical,Tactical analysis of defensive isolation due to work rate.
"They are playing a high defensive line, leaving them vulnerable to through balls.",Substantive / Analytical,Risk/reward assessment of defensive positioning.
The second-half collapse was due to a total lack of discipline in the final third.,Substantive / Analytical,Casual analysis of breakdown in performance standards.
Data suggests they should focus on attacking the left flank where the cover is weak.,Substantive / Analytical,Tactical advice supported by observational data.
The game was won in the midfield transition where they outnumbered the opposition.,Substantive / Analytical,Identifying the decisive phase of play in the match outcome.
Their tactical discipline has been the standout feature of this tournament.,Substantive / Analytical,Broad tactical assessment of team identity.
The lack of vertical passing is making them too predictable in the final third.,Substantive / Analytical,Analytical critique of passing selection and predictability.
They are exploiting the space between the midfield and the defensive lines.,Substantive / Analytical,Spatial analysis of attacking exploitation.
The substitution didn't change the game state; it just signaled they were settling for a draw.,Substantive / Analytical,Evaluating coaching intent via substitution logic.
"Defensive organization is key here, and they look solid in their current shape.",Substantive / Analytical,Evaluation of defensive structure.
The wingbacks are effectively doubling up on the opposition winger.,Substantive / Analytical,Tactical analysis of defensive doubling maneuvers.
They need to vary their attacking patterns; the current approach is easily read.,Substantive / Analytical,Strategic advice for improving attacking variation.
"Tactically, they are nullifying the opposition's primary threat.",Substantive / Analytical,Assessment of defensive tactical success.
"The refereeing has been a total robbery, they are clearly favoring the home team!",Partisan / Emotional,High-intensity referee grievance; classic partisan bias.
"We’ve been robbed by VAR three games in a row, this tournament is rigged!",Partisan / Emotional,Conspiracy-based emotional grievance against officiating.
I am absolutely devastated. My heart is broken for this team.,Partisan / Emotional,Pure emotional expression; zero football content.
How is that not a red card? The bias is disgusting!,Partisan / Emotional,Aggressive emotional reaction to refereeing.
"Messi is the greatest human being to ever play this game, bar none.",Partisan / Emotional,Hyperbolic idolization characteristic of extreme bias.
"Ronaldo fans are just delusional at this point, look at the stats!",Partisan / Emotional,Direct attack on rival fanbase; partisan toxicity.
"We are the best country in the world, and this trophy is coming home to us!",Partisan / Emotional,Nationalistic fervor and biased prediction.
Seeing the manager cry at the end made me cry. What a beautiful soul.,Partisan / Emotional,Sentiment-heavy parasocial reaction to coaching staff.
"This team has no soul. They are playing for a paycheck, not the badge.",Partisan / Emotional,Emotional attack questioning the integrity of the players.
"If they don't sack the coach after this embarrassment, the whole FA is a joke.",Partisan / Emotional,"High-emotion, reactionary demand based on frustration."
Absolute masterclass from our boys! We are going all the way!,Partisan / Emotional,"Over-the-top fan enthusiasm, biased towards home team."
"I don’t care what the stats say, they played with more heart than anyone else.",Partisan / Emotional,Explicit dismissal of logic in favor of emotional sentiment.
This win was for every fan that traveled thousands of miles to support us.,Partisan / Emotional,Sentiment-based narrative of fan struggle vs. team victory.
The opposition is playing like cowards. Parking the bus isn't football.,Partisan / Emotional,Insulting opponent tactical philosophy; partisan gatekeeping.
I’m shaking. I literally can’t believe we just pulled that off.,Partisan / Emotional,"High-arousal emotional state, devoid of objective substance."
The corruption in FIFA is destroying the sport we love.,Partisan / Emotional,"Broad, emotional grievance-driven opinion."
I will never forgive that player for that cynical challenge.,Partisan / Emotional,Personal emotional grudge against a professional athlete.
This is why football is the best sport on earth. Nothing else compares.,Partisan / Emotional,Emotional love letter to the sport; bias towards the game.
The haters are going to be so quiet after this performance.,Partisan / Emotional,"Defensive, partisan language attacking invisible critics."
"They have no pride, no passion, nothing.",Partisan / Emotional,"Extreme, reductive emotional critique of character."
I am proud to be a citizen of this country today. We showed them!,Partisan / Emotional,Strong nationalistic sentiment linked to sports results.
"The media has been against us since day one, but we proved them wrong!",Partisan / Emotional,"""Us vs. Them"" mentality and media victimization narrative."
That’s a classic dive. He should be banned for simulation.,Partisan / Emotional,Highly emotional call for punitive measures based on bias.
I’m in tears right now. What a magical moment for our people.,Partisan / Emotional,"Pure, uncontextualized emotional response."
They are terrified of us. You can see it in their eyes.,Partisan / Emotional,Projection of emotion onto opponents; typical tribal bias.
"Whatever happens, I will always love this team.",Partisan / Emotional,Unconditional emotional loyalty; not analytical.
"They have zero respect for the game, they just want to cause chaos.",Partisan / Emotional,Emotional generalization about opponent team character.
"We are the undisputed kings of the world, never doubt us!",Partisan / Emotional,Tribal hyperbole.
I’m so sick of the refereeing standards in this tournament.,Partisan / Emotional,Frustration-driven opinion on officiating.
This team is an absolute disgrace to the national kit.,Partisan / Emotional,Aggressive emotional dismissal.
"Pure, unadulterated passion. This is what we play for.",Partisan / Emotional,Romanticized emotional description of football culture.
How can you even support such a toxic team?,Partisan / Emotional,Partisan attack aimed at a rival fanbase.
They don't deserve the badge on their chest.,Partisan / Emotional,Emotional attack on player honor.
My faith in this squad is unshakable!,Partisan / Emotional,"Pure, biased emotional loyalty."
Lol 💀,Low-Effort / Noise,Minimalist reaction with emoji.
Bruh 😂,Low-Effort / Noise,Minimalist slang reaction.
This.,Low-Effort / Noise,Generic agreement; provides no substance.
GOAT 🐐,Low-Effort / Noise,Hype phrase; lacks analytical depth.
LMAO no way.,Low-Effort / Noise,Generic conversational filler.
Cry more.,Low-Effort / Noise,Standard low-effort inflammatory phrase.
Argentina on top!,Low-Effort / Noise,Generic hype slogan.
Wtf was that??,Low-Effort / Noise,Low-context reactionary noise.
Lmao rip.,Low-Effort / Noise,Casual slang.
Whatever.,Low-Effort / Noise,Dismissive and low-content.
Hahaha yes!!!,Low-Effort / Noise,Pure excitement emoji/text; no content.
Pessi.,Low-Effort / Noise,Low-effort nickname (part of a fan war).
Penaldo.,Low-Effort / Noise,Low-effort nickname (part of a fan war).
Who asked?,Low-Effort / Noise,"Common, dismissive internet slang."
Ratio.,Low-Effort / Noise,"Common, dismissive internet slang."
Based.,Low-Effort / Noise,Low-effort agreement term.
L comment.,Low-Effort / Noise,Low-effort dismissal.
W comment.,Low-Effort / Noise,Low-effort praise.
💀💀💀,Low-Effort / Noise,Emoji-only response.
Huge.,Low-Effort / Noise,One-word reaction.
LMAO.,Low-Effort / Noise,Acronym-based laughter; no content.
Bruh moment.,Low-Effort / Noise,Meme-adjacent slang.
So true.,Low-Effort / Noise,"Generic, content-free agreement."
Cope.,Low-Effort / Noise,Low-effort inflammatory slang.
F.,Low-Effort / Noise,Single-letter internet slang.
Facts.,Low-Effort / Noise,One-word generic agreement.
Not funny.,Low-Effort / Noise,"Simple, uncontextualized opinion."
Overrated.,Low-Effort / Noise,"One-word, uncontextualized dismissal."
Underrated.,Low-Effort / Noise,"One-word, uncontextualized praise."
Mid.,Low-Effort / Noise,One-word slang judgment.
Trash.,Low-Effort / Noise,"One-word, low-effort insult."
Fire 🔥,Low-Effort / Noise,Emoji-enhanced reaction.
Wow.,Low-Effort / Noise,One-word reaction.